{"section_wise_scores": {"EEG DESCRIPTION/DETAILS": {"bleu_score_results": {"bleu-1": {"bleu": 0.585, "precisions": [0.585], "brevity_penalty": 1.0, "length_ratio": 1.3333333333333333, "translation_length": 200, "reference_length": 150}, "bleu-1-smooth": {"bleu": 0.5870646766169154, "precisions": [0.5870646766169154], "brevity_penalty": 1.0, "length_ratio": 1.3333333333333333, "translation_length": 200, "reference_length": 150}, "bleu-4": {"bleu": 0.4263535567289324, "precisions": [0.585, 0.457286432160804, 0.3686868686868687, 0.3350253807106599], "brevity_penalty": 1.0, "length_ratio": 1.3333333333333333, "translation_length": 200, "reference_length": 150}, "bleu-4-smooth": {"bleu": 0.42934658147934884, "precisions": [0.5870646766169154, 0.46, 0.37185929648241206, 0.3383838383838384], "brevity_penalty": 1.0, "length_ratio": 1.3333333333333333, "translation_length": 200, "reference_length": 150}}, "bertscore_results": {"precision": [0.8926063179969788], "recall": [0.913382887840271], "f1": [0.9028750658035278], "hashcode": "distilbert-base-uncased_L5_no-idf_version=0.3.12(hug_trans=4.53.3)"}, "perplexity_results": {"mean_perplexity": 0.0, "perplexities": 0.0}, "rouge_score_results": {"rouge1": 0.6102941176470588, "rouge2": 0.4222222222222223, "rougeL": 0.5441176470588236, "rougeLsum": 0.5441176470588236}, "meteor_score_results": {"meteor": 0.6250797635574702}}}, "overall_scores": {"bleu_score_results": {"bleu-1": 0.585, "bleu-4": 0.4263535567289324, "bleu-1-smooth": 0.5870646766169154, "bleu-4-smooth": 0.42934658147934884}, "bertscore_results": {"precision": 0.8926063179969788, "recall": 0.913382887840271, "f1": 0.9028750658035278}, "perplexity_results": {"perplexity": 0.0}, "rouge_score_results": {"rouge1": 0.6102941176470588, "rouge2": 0.4222222222222223, "rougeL": 0.5441176470588236, "rougeLsum": 0.5441176470588236}, "meteor_score_results": {"meteor": 0.6250797635574702}}}