{"section_wise_scores": {"EEG DESCRIPTION/DETAILS": {"bleu_score_results": {"bleu-1": {"bleu": 0.6137931034482759, "precisions": [0.6137931034482759], "brevity_penalty": 1.0, "length_ratio": 1.218487394957983, "translation_length": 145, "reference_length": 119}, "bleu-1-smooth": {"bleu": 0.6164383561643836, "precisions": [0.6164383561643836], "brevity_penalty": 1.0, "length_ratio": 1.218487394957983, "translation_length": 145, "reference_length": 119}, "bleu-4": {"bleu": 0.5019585683622974, "precisions": [0.6137931034482759, 0.5138888888888888, 0.46853146853146854, 0.4295774647887324], "brevity_penalty": 1.0, "length_ratio": 1.218487394957983, "translation_length": 145, "reference_length": 119}, "bleu-4-smooth": {"bleu": 0.5054710031034162, "precisions": [0.6164383561643836, 0.5172413793103449, 0.4722222222222222, 0.43356643356643354], "brevity_penalty": 1.0, "length_ratio": 1.218487394957983, "translation_length": 145, "reference_length": 119}}, "bertscore_results": {"precision": [0.9069193005561829], "recall": [0.9361026287078857], "f1": [0.9212799072265625], "hashcode": "distilbert-base-uncased_L5_no-idf_version=0.3.12(hug_trans=4.53.3)"}, "perplexity_results": {"mean_perplexity": 0.0, "perplexities": 0.0}, "rouge_score_results": {"rouge1": 0.6521739130434783, "rouge2": 0.5526315789473684, "rougeL": 0.6434782608695652, "rougeLsum": 0.6434782608695652}, "meteor_score_results": {"meteor": 0.6965940815187047}}}, "overall_scores": {"bleu_score_results": {"bleu-1": 0.6137931034482759, "bleu-4": 0.5019585683622974, "bleu-1-smooth": 0.6164383561643836, "bleu-4-smooth": 0.5054710031034162}, "bertscore_results": {"precision": 0.9069193005561829, "recall": 0.9361026287078857, "f1": 0.9212799072265625}, "perplexity_results": {"perplexity": 0.0}, "rouge_score_results": {"rouge1": 0.6521739130434783, "rouge2": 0.5526315789473684, "rougeL": 0.6434782608695652, "rougeLsum": 0.6434782608695652}, "meteor_score_results": {"meteor": 0.6965940815187047}}}