{"section_wise_scores": {"EEG DESCRIPTION/DETAILS": {"bleu_score_results": {"bleu-1": {"bleu": 0.291280096899204, "precisions": [0.8082191780821918], "brevity_penalty": 0.36039740802782866, "length_ratio": 0.49491525423728816, "translation_length": 146, "reference_length": 295}, "bleu-1-smooth": {"bleu": 0.2917502826891946, "precisions": [0.8095238095238095], "brevity_penalty": 0.36039740802782866, "length_ratio": 0.49491525423728816, "translation_length": 146, "reference_length": 295}, "bleu-4": {"bleu": 0.2140177471596094, "precisions": [0.8082191780821918, 0.6413793103448275, 0.5277777777777778, 0.45454545454545453], "brevity_penalty": 0.36039740802782866, "length_ratio": 0.49491525423728816, "translation_length": 146, "reference_length": 295}, "bleu-4-smooth": {"bleu": 0.2150843724121467, "precisions": [0.8095238095238095, 0.6438356164383562, 0.5310344827586206, 0.4583333333333333], "brevity_penalty": 0.36039740802782866, "length_ratio": 0.49491525423728816, "translation_length": 146, "reference_length": 295}}, "bertscore_results": {"precision": [0.9216289520263672], "recall": [0.8237630724906921], "f1": [0.8699522614479065], "hashcode": "distilbert-base-uncased_L5_no-idf_version=0.3.12(hug_trans=4.53.3)"}, "perplexity_results": {"mean_perplexity": 0.0, "perplexities": 0.0}, "rouge_score_results": {"rouge1": 0.536986301369863, "rouge2": 0.4132231404958678, "rougeL": 0.5041095890410959, "rougeLsum": 0.5041095890410959}, "meteor_score_results": {"meteor": 0.3472317396403306}}}, "overall_scores": {"bleu_score_results": {"bleu-1": 0.291280096899204, "bleu-4": 0.2140177471596094, "bleu-1-smooth": 0.2917502826891946, "bleu-4-smooth": 0.2150843724121467}, "bertscore_results": {"precision": 0.9216289520263672, "recall": 0.8237630724906921, "f1": 0.8699522614479065}, "perplexity_results": {"perplexity": 0.0}, "rouge_score_results": {"rouge1": 0.536986301369863, "rouge2": 0.4132231404958678, "rougeL": 0.5041095890410959, "rougeLsum": 0.5041095890410959}, "meteor_score_results": {"meteor": 0.3472317396403306}}}