{"section_wise_scores": {"EEG DESCRIPTION/DETAILS": {"bleu_score_results": {"bleu-1": {"bleu": 0.5864905835938102, "precisions": [0.7881773399014779], "brevity_penalty": 0.7441099279346467, "length_ratio": 0.7718631178707225, "translation_length": 203, "reference_length": 263}, "bleu-1-smooth": {"bleu": 0.5872632274386183, "precisions": [0.7892156862745098], "brevity_penalty": 0.7441099279346467, "length_ratio": 0.7718631178707225, "translation_length": 203, "reference_length": 263}, "bleu-4": {"bleu": 0.41843607133459987, "precisions": [0.7881773399014779, 0.594059405940594, 0.5024875621890548, 0.425], "brevity_penalty": 0.7441099279346467, "length_ratio": 0.7718631178707225, "translation_length": 203, "reference_length": 263}, "bleu-4-smooth": {"bleu": 0.4201420578065285, "precisions": [0.7892156862745098, 0.5960591133004927, 0.504950495049505, 0.42786069651741293], "brevity_penalty": 0.7441099279346467, "length_ratio": 0.7718631178707225, "translation_length": 203, "reference_length": 263}}, "bertscore_results": {"precision": [0.9053254723548889], "recall": [0.8650429844856262], "f1": [0.8847259283065796], "hashcode": "distilbert-base-uncased_L5_no-idf_version=0.3.12(hug_trans=4.53.3)"}, "perplexity_results": {"mean_perplexity": 0.0, "perplexities": 0.0}, "rouge_score_results": {"rouge1": 0.6649076517150396, "rouge2": 0.49336870026525204, "rougeL": 0.6068601583113458, "rougeLsum": 0.6068601583113458}, "meteor_score_results": {"meteor": 0.5374146086344788}}}, "overall_scores": {"bleu_score_results": {"bleu-1": 0.5864905835938102, "bleu-4": 0.41843607133459987, "bleu-1-smooth": 0.5872632274386183, "bleu-4-smooth": 0.4201420578065285}, "bertscore_results": {"precision": 0.9053254723548889, "recall": 0.8650429844856262, "f1": 0.8847259283065796}, "perplexity_results": {"perplexity": 0.0}, "rouge_score_results": {"rouge1": 0.6649076517150396, "rouge2": 0.49336870026525204, "rougeL": 0.6068601583113458, "rougeLsum": 0.6068601583113458}, "meteor_score_results": {"meteor": 0.5374146086344788}}}